{
  "baseline": {
    "p1": 0.875,
    "r3": 0.975,
    "n": 40
  },
  "paraphrased": {
    "p1": 0.5125,
    "r3": 0.8,
    "n": 80
  },
  "d1_keyword_only_paraphrased": {
    "p1": 0.1125,
    "r3": 0.2875
  },
  "delta_vs_d1_paraphrased": {
    "p1": 0.39999999999999997,
    "r3": 0.5125000000000001
  }
}