{
  "judge_model": "claude-sonnet-4-6",
  "source_artifact": "/Users/patrickroebuck/attune-rag/.claude/worktrees/crazy-torvalds-c90bf4/artifacts/calibration/thinking-2026-05-16.json",
  "runs": 5,
  "query_ids": [
    "gq-001",
    "gq-002",
    "gq-004",
    "gq-006",
    "gq-012",
    "gq-014",
    "gq-018",
    "gq-019"
  ],
  "queries": {
    "gq-001": {
      "off": {
        "mean": 1.0,
        "stdev": 0.0,
        "raw": [
          1.0,
          1.0,
          1.0,
          1.0,
          1.0
        ]
      },
      "on": {
        "mean": 1.0,
        "stdev": 0.0,
        "raw": [
          1.0,
          1.0,
          1.0,
          1.0,
          1.0
        ]
      }
    },
    "gq-002": {
      "off": {
        "mean": 1.0,
        "stdev": 0.0,
        "raw": [
          1.0,
          1.0,
          1.0,
          1.0,
          1.0
        ]
      },
      "on": {
        "mean": 0.9703296703296704,
        "stdev": 0.040674187963344474,
        "raw": [
          1.0,
          1.0,
          1.0,
          0.9230769230769231,
          0.9285714285714286
        ]
      }
    },
    "gq-004": {
      "off": {
        "mean": 0.9605760118345931,
        "stdev": 0.022592717366277968,
        "raw": [
          0.9545454545454546,
          1.0,
          0.9473684210526315,
          0.9444444444444444,
          0.9565217391304348
        ]
      },
      "on": {
        "mean": 1.0,
        "stdev": 0.0,
        "raw": [
          1.0,
          1.0,
          1.0,
          1.0,
          1.0
        ]
      }
    },
    "gq-006": {
      "off": {
        "mean": 1.0,
        "stdev": 0.0,
        "raw": [
          1.0,
          1.0,
          1.0,
          1.0,
          1.0
        ]
      },
      "on": {
        "mean": 1.0,
        "stdev": 0.0,
        "raw": [
          1.0,
          1.0,
          1.0,
          1.0,
          1.0
        ]
      }
    },
    "gq-012": {
      "off": {
        "mean": 1.0,
        "stdev": 0.0,
        "raw": [
          1.0,
          1.0,
          1.0,
          1.0,
          1.0
        ]
      },
      "on": {
        "mean": 0.9916666666666666,
        "stdev": 0.01863389981249823,
        "raw": [
          1.0,
          1.0,
          1.0,
          0.9583333333333334,
          1.0
        ]
      }
    },
    "gq-014": {
      "off": {
        "mean": 0.9252747252747253,
        "stdev": 0.003009464601676726,
        "raw": [
          0.9230769230769231,
          0.9285714285714286,
          0.9285714285714286,
          0.9230769230769231,
          0.9230769230769231
        ]
      },
      "on": {
        "mean": 0.9252747252747253,
        "stdev": 0.003009464601676726,
        "raw": [
          0.9285714285714286,
          0.9230769230769231,
          0.9230769230769231,
          0.9230769230769231,
          0.9285714285714286
        ]
      }
    },
    "gq-018": {
      "off": {
        "mean": 1.0,
        "stdev": 0.0,
        "raw": [
          1.0,
          1.0,
          1.0,
          1.0,
          1.0
        ]
      },
      "on": {
        "mean": 1.0,
        "stdev": 0.0,
        "raw": [
          1.0,
          1.0,
          1.0,
          1.0,
          1.0
        ]
      }
    },
    "gq-019": {
      "off": {
        "mean": 1.0,
        "stdev": 0.0,
        "raw": [
          1.0,
          1.0,
          1.0,
          1.0,
          1.0
        ]
      },
      "on": {
        "mean": 1.0,
        "stdev": 0.0,
        "raw": [
          1.0,
          1.0,
          1.0,
          1.0,
          1.0
        ]
      }
    }
  },
  "aggregate": {
    "off_stdev_pooled": 0.027561006811622116,
    "on_stdev_pooled": 0.02898650846090515,
    "margin_stdev": 0.018912473527924047
  }
}